width,height,quantity,name
90,2700,1,90-080D02
90,631,1,90-120M07
90,631,1,90-080D17
90,631,1,90-120M06
90,2025,1,90-080D16
90,631,1,90-120M08
140,861,1,90-080T06
140,806,1,90-080T08
250,631,1,90-080D18
250,1198,1,90-080D20
250,406,1,90-080T07
90,2700,1,90-080D02
90,631,1,90-120M07
90,631,1,90-080D17
90,631,1,90-120M06
90,2025,1,90-080D16
90,631,1,90-120M08
90,1500,1,90-080D21
90,1200,1,90-080D22
140,861,1,90-080T06
140,806,1,90-080T08
140,1100,1,90-080T09
140,950,1,90-080T10
250,631,1,90-080D18
250,1198,1,90-080D20
250,406,1,90-080T07
250,2100,1,90-080D25
250,1850,1,90-080D26